
<context:component-scan base-package="com.example.crm" />
<context:annotation-config />
<bean class="org.springframework.web.servlet.view.InternalResourceViewResolver">
    <property name="prefix" value="/WEB-INF/views/" />
    <property name="suffix" value=".jsp" />
</bean>
<bean id="myDataSource" class="org.apache.commons.dbcp2.BasicDataSource">
    <property name="driverClassName" value="com.mysql.cj.jdbc.Driver"/>
    <property name="url" value="jdbc:mysql://localhost:3306/crm?useSSL=false"/>
    <property name="username" value="root"/>
    <property name="password" value="root"/>
</bean>
<bean id="sessionFactory" class="org.springframework.orm.hibernate5.LocalSessionFactoryBean">
    <property name="dataSource" ref="myDataSource"/>
    <property name="packagesToScan" value="com.example.crm.entity"/>
    <property name="hibernateProperties">
        <props>
            <prop key="hibernate.dialect">org.hibernate.dialect.MySQL8Dialect</prop>
            <prop key="hibernate.show_sql">true</prop>
        </props>
    </property>
</bean>
<bean id="myTransactionManager" class="org.springframework.orm.hibernate5.HibernateTransactionManager">
    <property name="sessionFactory" ref="sessionFactory"/>
</bean>
<tx:annotation-driven transaction-manager="myTransactionManager"/>
